bucket_owner,bucket,datetime,ip,requestor_id,request_id,operation,key,http_method_uri_proto,http_status,s3_error,bytes_sent,object_size,total_time,turn_around_time,referer,user_agent,cid,ec,ea,an,av,sr
cf77fe33107978c68ebf91e44d101ec99ec75c3cba670ebe4115141ca552f93d,rodeo-analytics.yhathq.com,18/Sep/2015:17:56:22 +0000,24.193.78.37,-,135C3BAADA7A6F5A,WEBSITE.GET.OBJECT,index.html,GET /?an=Rodeo&av=0.3.4&cid=FOO&ec=command&ea=python&el= HTTP/1.1,200,-,1,1,23,23,-,-,['FOO'],['command'],['python'],['Rodeo'],['0.3.4'],
cf77fe33107978c68ebf91e44d101ec99ec75c3cba670ebe4115141ca552f93d,rodeo-analytics.yhathq.com,18/Sep/2015:17:56:22 +0000,24.193.78.37,-,6053E89F253F4D6C,WEBSITE.GET.OBJECT,index.html,GET /?an=Rodeo&av=0.3.4&cid=FOO&ec=application&ea=editor&el= HTTP/1.1,200,-,1,1,29,28,-,-,['FOO'],['application'],['editor'],['Rodeo'],['0.3.4'],
cf77fe33107978c68ebf91e44d101ec99ec75c3cba670ebe4115141ca552f93d,rodeo-analytics.yhathq.com,18/Sep/2015:17:45:22 +0000,24.193.78.37,-,12A549E560DBACBF,WEBSITE.GET.OBJECT,index.html,GET /?an=Rodeo&av=0.3.4&cid=FOO&ec=application&ea=editor&el= HTTP/1.1,200,-,1,1,38,38,-,-,['FOO'],['application'],['editor'],['Rodeo'],['0.3.4'],
cf77fe33107978c68ebf91e44d101ec99ec75c3cba670ebe4115141ca552f93d,rodeo-analytics.yhathq.com,18/Sep/2015:17:43:13 +0000,24.193.78.37,-,0B962BCA612CA0F7,WEBSITE.GET.OBJECT,index.html,GET /?an=Rodeo&av=0.3.4&cid=FOO&ec=command&ea=python&el= HTTP/1.1,200,-,1,1,179,179,-,-,['FOO'],['command'],['python'],['Rodeo'],['0.3.4'],
cf77fe33107978c68ebf91e44d101ec99ec75c3cba670ebe4115141ca552f93d,rodeo-analytics.yhathq.com,18/Sep/2015:17:43:30 +0000,24.193.78.37,-,4296CBE78FF62612,WEBSITE.GET.OBJECT,index.html,GET /?an=Rodeo&av=0.3.4&cid=FOO&ec=application&ea=open&el= HTTP/1.1,200,-,1,1,41,40,-,-,['FOO'],['application'],['open'],['Rodeo'],['0.3.4'],
cf77fe33107978c68ebf91e44d101ec99ec75c3cba670ebe4115141ca552f93d,rodeo-analytics.yhathq.com,18/Sep/2015:17:53:04 +0000,24.193.78.37,-,1058FDC82B6E9753,WEBSITE.GET.OBJECT,index.html,GET /?an=Rodeo&av=0.3.4&cid=FOO&ec=shortcut&ea=Reload&el= HTTP/1.1,200,-,1,1,105,104,-,-,['FOO'],['shortcut'],['Reload'],['Rodeo'],['0.3.4'],
cf77fe33107978c68ebf91e44d101ec99ec75c3cba670ebe4115141ca552f93d,rodeo-analytics.yhathq.com,18/Sep/2015:17:53:04 +0000,24.193.78.37,-,A96107C4E8149C35,WEBSITE.GET.OBJECT,index.html,GET /?an=Rodeo&av=0.3.4&cid=FOO&ec=command&ea=python&el= HTTP/1.1,200,-,1,1,12,11,-,-,['FOO'],['command'],['python'],['Rodeo'],['0.3.4'],
cf77fe33107978c68ebf91e44d101ec99ec75c3cba670ebe4115141ca552f93d,rodeo-analytics.yhathq.com,18/Sep/2015:17:54:25 +0000,24.193.78.37,-,04B792A7BDA690E1,WEBSITE.GET.OBJECT,index.html,GET /?an=Rodeo&av=0.3.4&cid=FOO&ec=command&ea=error&el= HTTP/1.1,200,-,1,1,25,25,-,-,['FOO'],['command'],['error'],['Rodeo'],['0.3.4'],
cf77fe33107978c68ebf91e44d101ec99ec75c3cba670ebe4115141ca552f93d,rodeo-analytics.yhathq.com,18/Sep/2015:17:53:28 +0000,24.193.78.37,-,265DA58C9BDD029B,WEBSITE.GET.OBJECT,index.html,GET /?an=Rodeo&av=0.3.4&cid=FOO&ec=application&ea=open&el= HTTP/1.1,200,-,1,1,132,124,-,-,['FOO'],['application'],['open'],['Rodeo'],['0.3.4'],
cf77fe33107978c68ebf91e44d101ec99ec75c3cba670ebe4115141ca552f93d,rodeo-analytics.yhathq.com,18/Sep/2015:17:56:21 +0000,24.193.78.37,-,F73165DDD9529645,WEBSITE.GET.OBJECT,index.html,GET /?an=Rodeo&av=0.3.4&cid=FOO&ec=shortcut&ea=Reload&el= HTTP/1.1,200,-,1,1,28,28,-,-,['FOO'],['shortcut'],['Reload'],['Rodeo'],['0.3.4'],
cf77fe33107978c68ebf91e44d101ec99ec75c3cba670ebe4115141ca552f93d,rodeo-analytics.yhathq.com,18/Sep/2015:17:45:21 +0000,24.193.78.37,-,04DB389566B3E6EA,WEBSITE.GET.OBJECT,index.html,GET /?an=Rodeo&av=0.3.4&cid=FOO&ec=application&ea=open&el= HTTP/1.1,200,-,1,1,49,49,-,-,['FOO'],['application'],['open'],['Rodeo'],['0.3.4'],
cf77fe33107978c68ebf91e44d101ec99ec75c3cba670ebe4115141ca552f93d,rodeo-analytics.yhathq.com,18/Sep/2015:17:28:33 +0000,24.193.78.37,-,46C62D9266E58725,WEBSITE.GET.OBJECT,index.html,GET /?an=Rodeo&av=0.3.4&cid=FOO&ec=application&ea=editor&el= HTTP/1.1,200,-,1,1,82,81,-,-,['FOO'],['application'],['editor'],['Rodeo'],['0.3.4'],
cf77fe33107978c68ebf91e44d101ec99ec75c3cba670ebe4115141ca552f93d,rodeo-analytics.yhathq.com,18/Sep/2015:17:53:27 +0000,24.193.78.37,-,7E4456B62F3772C5,WEBSITE.GET.OBJECT,index.html,GET /?an=Rodeo&av=0.3.4&cid=FOO&ec=shortcut&ea=Reload&el= HTTP/1.1,200,-,1,1,29,28,-,-,['FOO'],['shortcut'],['Reload'],['Rodeo'],['0.3.4'],
cf77fe33107978c68ebf91e44d101ec99ec75c3cba670ebe4115141ca552f93d,rodeo-analytics.yhathq.com,18/Sep/2015:17:53:28 +0000,24.193.78.37,-,3A8C2C9314DDBFE7,WEBSITE.GET.OBJECT,index.html,GET /?an=Rodeo&av=0.3.4&cid=FOO&ec=command&ea=python&el= HTTP/1.1,200,-,1,1,42,42,-,-,['FOO'],['command'],['python'],['Rodeo'],['0.3.4'],
cf77fe33107978c68ebf91e44d101ec99ec75c3cba670ebe4115141ca552f93d,rodeo-analytics.yhathq.com,18/Sep/2015:17:45:21 +0000,24.193.78.37,-,A3E760826970CE58,WEBSITE.GET.OBJECT,index.html,GET /?an=Rodeo&av=0.3.4&cid=FOO&ec=command&ea=python&el= HTTP/1.1,200,-,1,1,25,25,-,-,['FOO'],['command'],['python'],['Rodeo'],['0.3.4'],
cf77fe33107978c68ebf91e44d101ec99ec75c3cba670ebe4115141ca552f93d,rodeo-analytics.yhathq.com,18/Sep/2015:17:53:33 +0000,24.193.78.37,-,544250155EDB98E8,WEBSITE.GET.OBJECT,index.html,GET /?an=Rodeo&av=0.3.4&cid=FOO&ec=command&ea=python&el= HTTP/1.1,200,-,1,1,70,69,-,-,['FOO'],['command'],['python'],['Rodeo'],['0.3.4'],
cf77fe33107978c68ebf91e44d101ec99ec75c3cba670ebe4115141ca552f93d,rodeo-analytics.yhathq.com,18/Sep/2015:17:56:23 +0000,24.193.78.37,-,E61CD78758254840,WEBSITE.GET.OBJECT,index.html,GET /?an=Rodeo&av=0.3.4&cid=FOO&ec=command&ea=python&el= HTTP/1.1,200,-,1,1,31,30,-,-,['FOO'],['command'],['python'],['Rodeo'],['0.3.4'],
cf77fe33107978c68ebf91e44d101ec99ec75c3cba670ebe4115141ca552f93d,rodeo-analytics.yhathq.com,18/Sep/2015:17:56:25 +0000,24.193.78.37,-,CAE85BCCF044EA69,WEBSITE.GET.OBJECT,index.html,GET /?an=Rodeo&av=0.3.4&cid=FOO&ec=command&ea=python&el= HTTP/1.1,200,-,1,1,53,52,-,-,['FOO'],['command'],['python'],['Rodeo'],['0.3.4'],
cf77fe33107978c68ebf91e44d101ec99ec75c3cba670ebe4115141ca552f93d,rodeo-analytics.yhathq.com,18/Sep/2015:17:56:26 +0000,24.193.78.37,-,4A0B20019EC1CB45,WEBSITE.GET.OBJECT,index.html,GET /?an=Rodeo&av=0.3.4&cid=FOO&ec=command&ea=python&el= HTTP/1.1,200,-,1,1,65,65,-,-,['FOO'],['command'],['python'],['Rodeo'],['0.3.4'],
cf77fe33107978c68ebf91e44d101ec99ec75c3cba670ebe4115141ca552f93d,rodeo-analytics.yhathq.com,18/Sep/2015:17:43:09 +0000,24.193.78.37,-,7DF1572A24BED648,WEBSITE.GET.OBJECT,index.html,GET /?an=Rodeo&av=0.3.4&cid=FOO&ec=application&ea=editor&el= HTTP/1.1,200,-,1,1,35,35,-,-,['FOO'],['application'],['editor'],['Rodeo'],['0.3.4'],
cf77fe33107978c68ebf91e44d101ec99ec75c3cba670ebe4115141ca552f93d,rodeo-analytics.yhathq.com,18/Sep/2015:17:28:33 +0000,24.193.78.37,-,472DDC97E9A3C1B3,WEBSITE.GET.OBJECT,index.html,GET /?an=Rodeo&av=0.3.4&cid=FOO&ec=application&ea=open&el= HTTP/1.1,200,-,1,1,35,34,-,-,['FOO'],['application'],['open'],['Rodeo'],['0.3.4'],
cf77fe33107978c68ebf91e44d101ec99ec75c3cba670ebe4115141ca552f93d,rodeo-analytics.yhathq.com,18/Sep/2015:17:53:28 +0000,24.193.78.37,-,AD7C9A4395A96B2B,WEBSITE.GET.OBJECT,index.html,GET /?an=Rodeo&av=0.3.4&cid=FOO&ec=application&ea=editor&el= HTTP/1.1,200,-,1,1,60,60,-,-,['FOO'],['application'],['editor'],['Rodeo'],['0.3.4'],
cf77fe33107978c68ebf91e44d101ec99ec75c3cba670ebe4115141ca552f93d,rodeo-analytics.yhathq.com,18/Sep/2015:17:53:37 +0000,24.193.78.37,-,4D5A39717FB7D91E,WEBSITE.GET.OBJECT,index.html,GET /?an=Rodeo&av=0.3.4&cid=FOO&ec=command&ea=python&el= HTTP/1.1,200,-,1,1,181,180,-,-,['FOO'],['command'],['python'],['Rodeo'],['0.3.4'],
cf77fe33107978c68ebf91e44d101ec99ec75c3cba670ebe4115141ca552f93d,rodeo-analytics.yhathq.com,18/Sep/2015:17:56:21 +0000,24.193.78.37,-,778E99F84AEB68D6,WEBSITE.GET.OBJECT,index.html,GET /?an=Rodeo&av=0.3.4&cid=FOO&ec=application&ea=open&el= HTTP/1.1,200,-,1,1,26,26,-,-,['FOO'],['application'],['open'],['Rodeo'],['0.3.4'],
cf77fe33107978c68ebf91e44d101ec99ec75c3cba670ebe4115141ca552f93d,rodeo-analytics.yhathq.com,18/Sep/2015:17:43:09 +0000,24.193.78.37,-,69DF2CC35E166A95,WEBSITE.GET.OBJECT,index.html,GET /?an=Rodeo&av=0.3.4&cid=FOO&ec=command&ea=python&el= HTTP/1.1,200,-,1,1,30,29,-,-,['FOO'],['command'],['python'],['Rodeo'],['0.3.4'],
cf77fe33107978c68ebf91e44d101ec99ec75c3cba670ebe4115141ca552f93d,rodeo-analytics.yhathq.com,18/Sep/2015:17:39:24 +0000,24.193.78.37,-,3296D3ACCF1737E5,WEBSITE.GET.OBJECT,index.html,GET /?an=Rodeo&av=0.3.4&cid=FOO&ec=command&ea=python&el= HTTP/1.1,200,-,1,1,27,26,-,-,['FOO'],['command'],['python'],['Rodeo'],['0.3.4'],
cf77fe33107978c68ebf91e44d101ec99ec75c3cba670ebe4115141ca552f93d,rodeo-analytics.yhathq.com,18/Sep/2015:17:28:33 +0000,24.193.78.37,-,B0D0E5508717B49E,WEBSITE.GET.OBJECT,index.html,GET /?an=Rodeo&av=0.3.4&cid=FOO&ec=command&ea=python&el= HTTP/1.1,200,-,1,1,73,73,-,-,['FOO'],['command'],['python'],['Rodeo'],['0.3.4'],
cf77fe33107978c68ebf91e44d101ec99ec75c3cba670ebe4115141ca552f93d,rodeo-analytics.yhathq.com,18/Sep/2015:17:43:30 +0000,24.193.78.37,-,0A8183E36F3C2234,WEBSITE.GET.OBJECT,index.html,GET /?an=Rodeo&av=0.3.4&cid=FOO&ec=command&ea=python&el= HTTP/1.1,200,-,1,1,27,26,-,-,['FOO'],['command'],['python'],['Rodeo'],['0.3.4'],
cf77fe33107978c68ebf91e44d101ec99ec75c3cba670ebe4115141ca552f93d,rodeo-analytics.yhathq.com,18/Sep/2015:17:53:04 +0000,24.193.78.37,-,856026D7222DFFE8,WEBSITE.GET.OBJECT,index.html,GET /?an=Rodeo&av=0.3.4&cid=FOO&ec=application&ea=open&el= HTTP/1.1,200,-,1,1,34,34,-,-,['FOO'],['application'],['open'],['Rodeo'],['0.3.4'],
cf77fe33107978c68ebf91e44d101ec99ec75c3cba670ebe4115141ca552f93d,rodeo-analytics.yhathq.com,18/Sep/2015:17:53:07 +0000,24.193.78.37,-,09F5F289B4B7BFA7,WEBSITE.GET.OBJECT,index.html,GET /?an=Rodeo&av=0.3.4&cid=FOO&ec=command&ea=python&el= HTTP/1.1,200,-,1,1,12,11,-,-,['FOO'],['command'],['python'],['Rodeo'],['0.3.4'],
cf77fe33107978c68ebf91e44d101ec99ec75c3cba670ebe4115141ca552f93d,rodeo-analytics.yhathq.com,18/Sep/2015:17:54:25 +0000,24.193.78.37,-,57A9C9465D4E9EF9,WEBSITE.GET.OBJECT,index.html,GET /?an=Rodeo&av=0.3.4&cid=FOO&ec=command&ea=python&el= HTTP/1.1,200,-,1,1,24,23,-,-,['FOO'],['command'],['python'],['Rodeo'],['0.3.4'],
cf77fe33107978c68ebf91e44d101ec99ec75c3cba670ebe4115141ca552f93d,rodeo-analytics.yhathq.com,18/Sep/2015:17:54:28 +0000,24.193.78.37,-,A27122064467269F,WEBSITE.GET.OBJECT,index.html,GET /?an=Rodeo&av=0.3.4&cid=FOO&ec=command&ea=python&el= HTTP/1.1,200,-,1,1,37,36,-,-,['FOO'],['command'],['python'],['Rodeo'],['0.3.4'],
cf77fe33107978c68ebf91e44d101ec99ec75c3cba670ebe4115141ca552f93d,rodeo-analytics.yhathq.com,18/Sep/2015:17:53:04 +0000,24.193.78.37,-,0D0FFA7CDFE4DD6E,WEBSITE.GET.OBJECT,index.html,GET /?an=Rodeo&av=0.3.4&cid=FOO&ec=application&ea=editor&el= HTTP/1.1,200,-,1,1,26,25,-,-,['FOO'],['application'],['editor'],['Rodeo'],['0.3.4'],
cf77fe33107978c68ebf91e44d101ec99ec75c3cba670ebe4115141ca552f93d,rodeo-analytics.yhathq.com,18/Sep/2015:17:39:24 +0000,24.193.78.37,-,57662E9390BDFCF2,WEBSITE.GET.OBJECT,index.html,GET /?an=Rodeo&av=0.3.4&cid=FOO&ec=application&ea=editor&el= HTTP/1.1,200,-,1,1,23,22,-,-,['FOO'],['application'],['editor'],['Rodeo'],['0.3.4'],
cf77fe33107978c68ebf91e44d101ec99ec75c3cba670ebe4115141ca552f93d,rodeo-analytics.yhathq.com,18/Sep/2015:17:43:24 +0000,24.193.78.37,-,8790F2995E8E21C3,WEBSITE.GET.OBJECT,index.html,GET /?an=Rodeo&av=0.3.4&cid=FOO&ec=command&ea=python&el= HTTP/1.1,200,-,1,1,26,26,-,-,['FOO'],['command'],['python'],['Rodeo'],['0.3.4'],
cf77fe33107978c68ebf91e44d101ec99ec75c3cba670ebe4115141ca552f93d,rodeo-analytics.yhathq.com,18/Sep/2015:17:43:25 +0000,24.193.78.37,-,C016FB100BC739A7,WEBSITE.GET.OBJECT,index.html,GET /?an=Rodeo&av=0.3.4&cid=FOO&ec=application&ea=editor&el= HTTP/1.1,200,-,1,1,113,113,-,-,['FOO'],['application'],['editor'],['Rodeo'],['0.3.4'],
cf77fe33107978c68ebf91e44d101ec99ec75c3cba670ebe4115141ca552f93d,rodeo-analytics.yhathq.com,18/Sep/2015:17:43:09 +0000,24.193.78.37,-,DCA2A27BAB4537ED,WEBSITE.GET.OBJECT,index.html,GET /?an=Rodeo&av=0.3.4&cid=FOO&ec=application&ea=open&el= HTTP/1.1,200,-,1,1,26,25,-,-,['FOO'],['application'],['open'],['Rodeo'],['0.3.4'],
cf77fe33107978c68ebf91e44d101ec99ec75c3cba670ebe4115141ca552f93d,rodeo-analytics.yhathq.com,18/Sep/2015:17:43:24 +0000,24.193.78.37,-,6AC24B0EE4FD993C,WEBSITE.GET.OBJECT,index.html,GET /?an=Rodeo&av=0.3.4&cid=FOO&ec=application&ea=open&el= HTTP/1.1,200,-,1,1,26,26,-,-,['FOO'],['application'],['open'],['Rodeo'],['0.3.4'],
cf77fe33107978c68ebf91e44d101ec99ec75c3cba670ebe4115141ca552f93d,rodeo-analytics.yhathq.com,18/Sep/2015:17:56:11 +0000,24.193.78.37,-,1B16DD4F4A4FA997,WEBSITE.GET.OBJECT,index.html,GET /?an=Rodeo&av=0.3.4&cid=FOO&ec=command&ea=python&el= HTTP/1.1,200,-,1,1,35,34,-,-,['FOO'],['command'],['python'],['Rodeo'],['0.3.4'],
cf77fe33107978c68ebf91e44d101ec99ec75c3cba670ebe4115141ca552f93d,rodeo-analytics.yhathq.com,18/Sep/2015:17:47:44 +0000,24.193.78.37,-,76BF423CBAC2938F,WEBSITE.GET.OBJECT,index.html,GET /?an=Rodeo&av=0.3.4&cid=FOO&ec=application&ea=open&el= HTTP/1.1,200,-,1,1,112,25,-,-,['FOO'],['application'],['open'],['Rodeo'],['0.3.4'],
cf77fe33107978c68ebf91e44d101ec99ec75c3cba670ebe4115141ca552f93d,rodeo-analytics.yhathq.com,18/Sep/2015:17:43:30 +0000,24.193.78.37,-,D8E6991F30E312C5,WEBSITE.GET.OBJECT,index.html,GET /?an=Rodeo&av=0.3.4&cid=FOO&ec=application&ea=editor&el= HTTP/1.1,200,-,1,1,47,46,-,-,['FOO'],['application'],['editor'],['Rodeo'],['0.3.4'],
cf77fe33107978c68ebf91e44d101ec99ec75c3cba670ebe4115141ca552f93d,rodeo-analytics.yhathq.com,18/Sep/2015:17:52:39 +0000,24.193.78.37,-,F9F2900FED18AD85,WEBSITE.GET.OBJECT,index.html,GET /?an=Rodeo&av=0.3.4&cid=FOO&ec=command&ea=python&el= HTTP/1.1,200,-,1,1,34,33,-,-,['FOO'],['command'],['python'],['Rodeo'],['0.3.4'],
cf77fe33107978c68ebf91e44d101ec99ec75c3cba670ebe4115141ca552f93d,rodeo-analytics.yhathq.com,18/Sep/2015:17:39:23 +0000,24.193.78.37,-,DEEA3F9A839FF967,WEBSITE.GET.OBJECT,index.html,GET /?an=Rodeo&av=0.3.4&cid=FOO&ec=application&ea=open&el= HTTP/1.1,200,-,1,1,29,29,-,-,['FOO'],['application'],['open'],['Rodeo'],['0.3.4'],
cf77fe33107978c68ebf91e44d101ec99ec75c3cba670ebe4115141ca552f93d,rodeo-analytics.yhathq.com,18/Sep/2015:17:47:44 +0000,24.193.78.37,-,5D3C57ED924CD3A9,WEBSITE.GET.OBJECT,index.html,GET /?an=Rodeo&av=0.3.4&cid=FOO&ec=command&ea=python&el= HTTP/1.1,200,-,1,1,32,31,-,-,['FOO'],['command'],['python'],['Rodeo'],['0.3.4'],
cf77fe33107978c68ebf91e44d101ec99ec75c3cba670ebe4115141ca552f93d,rodeo-analytics.yhathq.com,18/Sep/2015:17:47:44 +0000,24.193.78.37,-,FA4904A63C023296,WEBSITE.GET.OBJECT,index.html,GET /?an=Rodeo&av=0.3.4&cid=FOO&ec=application&ea=editor&el= HTTP/1.1,200,-,1,1,115,114,-,-,['FOO'],['application'],['editor'],['Rodeo'],['0.3.4'],
cf77fe33107978c68ebf91e44d101ec99ec75c3cba670ebe4115141ca552f93d,rodeo-analytics.yhathq.com,18/Sep/2015:17:55:14 +0000,24.193.78.37,-,85A179FBB9C25774,WEBSITE.GET.OBJECT,index.html,GET /?an=Rodeo&av=0.3.4&cid=FOO&ec=shortcut&ea=Reload&el= HTTP/1.1,200,-,1,1,46,46,-,-,['FOO'],['shortcut'],['Reload'],['Rodeo'],['0.3.4'],
cf77fe33107978c68ebf91e44d101ec99ec75c3cba670ebe4115141ca552f93d,rodeo-analytics.yhathq.com,18/Sep/2015:17:44:56 +0000,24.193.78.37,-,609F4D0A39380E0C,WEBSITE.GET.OBJECT,index.html,GET /?an=Rodeo&av=0.3.4&cid=FOO&ec=application&ea=editor&el= HTTP/1.1,200,-,1,1,26,25,-,-,['FOO'],['application'],['editor'],['Rodeo'],['0.3.4'],
cf77fe33107978c68ebf91e44d101ec99ec75c3cba670ebe4115141ca552f93d,rodeo-analytics.yhathq.com,18/Sep/2015:17:55:18 +0000,24.193.78.37,-,3E2895F11D210926,WEBSITE.GET.OBJECT,index.html,GET /?an=Rodeo&av=0.3.4&cid=FOO&ec=command&ea=python&el= HTTP/1.1,200,-,1,1,39,38,-,-,['FOO'],['command'],['python'],['Rodeo'],['0.3.4'],
cf77fe33107978c68ebf91e44d101ec99ec75c3cba670ebe4115141ca552f93d,rodeo-analytics.yhathq.com,18/Sep/2015:17:53:38 +0000,24.193.78.37,-,640C97905D72B28D,WEBSITE.GET.OBJECT,index.html,GET /?an=Rodeo&av=0.3.4&cid=FOO&ec=command&ea=error&el= HTTP/1.1,200,-,1,1,32,31,-,-,['FOO'],['command'],['error'],['Rodeo'],['0.3.4'],
cf77fe33107978c68ebf91e44d101ec99ec75c3cba670ebe4115141ca552f93d,rodeo-analytics.yhathq.com,18/Sep/2015:17:56:13 +0000,24.193.78.37,-,6EF6222E52FF5CA4,WEBSITE.GET.OBJECT,index.html,GET /?an=Rodeo&av=0.3.4&cid=FOO&ec=command&ea=python&el= HTTP/1.1,200,-,1,1,35,34,-,-,['FOO'],['command'],['python'],['Rodeo'],['0.3.4'],
cf77fe33107978c68ebf91e44d101ec99ec75c3cba670ebe4115141ca552f93d,rodeo-analytics.yhathq.com,18/Sep/2015:17:56:08 +0000,24.193.78.37,-,844CC0EF7A40CD31,WEBSITE.GET.OBJECT,index.html,GET /?an=Rodeo&av=0.3.4&cid=FOO&ec=shortcut&ea=Reload&el= HTTP/1.1,200,-,1,1,48,48,-,-,['FOO'],['shortcut'],['Reload'],['Rodeo'],['0.3.4'],
cf77fe33107978c68ebf91e44d101ec99ec75c3cba670ebe4115141ca552f93d,rodeo-analytics.yhathq.com,18/Sep/2015:17:30:31 +0000,24.193.78.37,-,E1225C06FDAADD82,WEBSITE.GET.OBJECT,index.html,GET /?an=Rodeo&av=0.3.4&cid=FOO&ec=application&ea=editor&el= HTTP/1.1,200,-,1,1,31,30,-,-,['FOO'],['application'],['editor'],['Rodeo'],['0.3.4'],
cf77fe33107978c68ebf91e44d101ec99ec75c3cba670ebe4115141ca552f93d,rodeo-analytics.yhathq.com,18/Sep/2015:17:53:38 +0000,24.193.78.37,-,689E4DC8F1E8308E,WEBSITE.GET.OBJECT,index.html,GET /?an=Rodeo&av=0.3.4&cid=FOO&ec=command&ea=python&el= HTTP/1.1,200,-,1,1,26,26,-,-,['FOO'],['command'],['python'],['Rodeo'],['0.3.4'],
cf77fe33107978c68ebf91e44d101ec99ec75c3cba670ebe4115141ca552f93d,rodeo-analytics.yhathq.com,18/Sep/2015:17:55:19 +0000,24.193.78.37,-,73E07AD362A68777,WEBSITE.GET.OBJECT,index.html,GET /?an=Rodeo&av=0.3.4&cid=FOO&ec=command&ea=python&el= HTTP/1.1,200,-,1,1,39,38,-,-,['FOO'],['command'],['python'],['Rodeo'],['0.3.4'],
cf77fe33107978c68ebf91e44d101ec99ec75c3cba670ebe4115141ca552f93d,rodeo-analytics.yhathq.com,18/Sep/2015:17:39:14 +0000,24.193.78.37,-,2F2449250DF6BAED,WEBSITE.GET.OBJECT,index.html,GET /?an=Rodeo&av=0.3.4&cid=FOO&ec=application&ea=editor&el= HTTP/1.1,200,-,1,1,98,98,-,-,['FOO'],['application'],['editor'],['Rodeo'],['0.3.4'],
cf77fe33107978c68ebf91e44d101ec99ec75c3cba670ebe4115141ca552f93d,rodeo-analytics.yhathq.com,18/Sep/2015:17:53:38 +0000,24.193.78.37,-,0CF0A5FE2244F9C5,WEBSITE.GET.OBJECT,index.html,GET /?an=Rodeo&av=0.3.4&cid=FOO&ec=command&ea=python&el= HTTP/1.1,200,-,1,1,32,31,-,-,['FOO'],['command'],['python'],['Rodeo'],['0.3.4'],
cf77fe33107978c68ebf91e44d101ec99ec75c3cba670ebe4115141ca552f93d,rodeo-analytics.yhathq.com,18/Sep/2015:17:53:57 +0000,24.193.78.37,-,736221DA79D0EDED,WEBSITE.GET.OBJECT,index.html,GET /?an=Rodeo&av=0.3.4&cid=FOO&ec=application&ea=open&el= HTTP/1.1,200,-,1,1,26,26,-,-,['FOO'],['application'],['open'],['Rodeo'],['0.3.4'],
cf77fe33107978c68ebf91e44d101ec99ec75c3cba670ebe4115141ca552f93d,rodeo-analytics.yhathq.com,18/Sep/2015:17:44:56 +0000,24.193.78.37,-,534CD9AD998DF327,WEBSITE.GET.OBJECT,index.html,GET /?an=Rodeo&av=0.3.4&cid=FOO&ec=command&ea=python&el= HTTP/1.1,200,-,1,1,28,28,-,-,['FOO'],['command'],['python'],['Rodeo'],['0.3.4'],
cf77fe33107978c68ebf91e44d101ec99ec75c3cba670ebe4115141ca552f93d,rodeo-analytics.yhathq.com,18/Sep/2015:17:53:58 +0000,24.193.78.37,-,2BA9383706ABD85C,WEBSITE.GET.OBJECT,index.html,GET /?an=Rodeo&av=0.3.4&cid=FOO&ec=application&ea=editor&el= HTTP/1.1,200,-,1,1,31,30,-,-,['FOO'],['application'],['editor'],['Rodeo'],['0.3.4'],
cf77fe33107978c68ebf91e44d101ec99ec75c3cba670ebe4115141ca552f93d,rodeo-analytics.yhathq.com,18/Sep/2015:17:54:03 +0000,24.193.78.37,-,8F8F31A4453FB994,WEBSITE.GET.OBJECT,index.html,GET /?an=Rodeo&av=0.3.4&cid=FOO&ec=command&ea=python&el= HTTP/1.1,200,-,1,1,25,25,-,-,['FOO'],['command'],['python'],['Rodeo'],['0.3.4'],
cf77fe33107978c68ebf91e44d101ec99ec75c3cba670ebe4115141ca552f93d,rodeo-analytics.yhathq.com,18/Sep/2015:17:56:08 +0000,24.193.78.37,-,749C78AD0DCAB835,WEBSITE.GET.OBJECT,index.html,GET /?an=Rodeo&av=0.3.4&cid=FOO&ec=command&ea=python&el= HTTP/1.1,200,-,1,1,98,98,-,-,['FOO'],['command'],['python'],['Rodeo'],['0.3.4'],
cf77fe33107978c68ebf91e44d101ec99ec75c3cba670ebe4115141ca552f93d,rodeo-analytics.yhathq.com,18/Sep/2015:17:29:58 +0000,24.193.78.37,-,5F70887889AE4922,WEBSITE.GET.OBJECT,index.html,GET /?an=Rodeo&av=0.3.4&cid=FOO&ec=command&ea=python&el= HTTP/1.1,200,-,1,1,36,35,-,-,['FOO'],['command'],['python'],['Rodeo'],['0.3.4'],
cf77fe33107978c68ebf91e44d101ec99ec75c3cba670ebe4115141ca552f93d,rodeo-analytics.yhathq.com,18/Sep/2015:17:44:56 +0000,24.193.78.37,-,32C62DDBFFDB2419,WEBSITE.GET.OBJECT,index.html,GET /?an=Rodeo&av=0.3.4&cid=FOO&ec=application&ea=open&el= HTTP/1.1,200,-,1,1,28,27,-,-,['FOO'],['application'],['open'],['Rodeo'],['0.3.4'],
cf77fe33107978c68ebf91e44d101ec99ec75c3cba670ebe4115141ca552f93d,rodeo-analytics.yhathq.com,18/Sep/2015:17:53:58 +0000,24.193.78.37,-,3F143CF91D045180,WEBSITE.GET.OBJECT,index.html,GET /?an=Rodeo&av=0.3.4&cid=FOO&ec=command&ea=python&el= HTTP/1.1,200,-,1,1,33,32,-,-,['FOO'],['command'],['python'],['Rodeo'],['0.3.4'],
cf77fe33107978c68ebf91e44d101ec99ec75c3cba670ebe4115141ca552f93d,rodeo-analytics.yhathq.com,18/Sep/2015:17:55:15 +0000,24.193.78.37,-,7129644EF5724BA8,WEBSITE.GET.OBJECT,index.html,GET /?an=Rodeo&av=0.3.4&cid=FOO&ec=application&ea=open&el= HTTP/1.1,200,-,1,1,30,29,-,-,['FOO'],['application'],['open'],['Rodeo'],['0.3.4'],
cf77fe33107978c68ebf91e44d101ec99ec75c3cba670ebe4115141ca552f93d,rodeo-analytics.yhathq.com,18/Sep/2015:17:55:15 +0000,24.193.78.37,-,1B2CC76F7189B176,WEBSITE.GET.OBJECT,index.html,GET /?an=Rodeo&av=0.3.4&cid=FOO&ec=command&ea=python&el= HTTP/1.1,200,-,1,1,29,29,-,-,['FOO'],['command'],['python'],['Rodeo'],['0.3.4'],
cf77fe33107978c68ebf91e44d101ec99ec75c3cba670ebe4115141ca552f93d,rodeo-analytics.yhathq.com,18/Sep/2015:17:29:58 +0000,24.193.78.37,-,F5A14EE972F67BF9,WEBSITE.GET.OBJECT,index.html,GET /?an=Rodeo&av=0.3.4&cid=FOO&ec=application&ea=open&el= HTTP/1.1,200,-,1,1,30,30,-,-,['FOO'],['application'],['open'],['Rodeo'],['0.3.4'],
cf77fe33107978c68ebf91e44d101ec99ec75c3cba670ebe4115141ca552f93d,rodeo-analytics.yhathq.com,18/Sep/2015:17:55:15 +0000,24.193.78.37,-,DC938CEE5EB710AD,WEBSITE.GET.OBJECT,index.html,GET /?an=Rodeo&av=0.3.4&cid=FOO&ec=application&ea=editor&el= HTTP/1.1,200,-,1,1,35,35,-,-,['FOO'],['application'],['editor'],['Rodeo'],['0.3.4'],
cf77fe33107978c68ebf91e44d101ec99ec75c3cba670ebe4115141ca552f93d,rodeo-analytics.yhathq.com,18/Sep/2015:17:28:56 +0000,24.193.78.37,-,A985B1879ACA875E,WEBSITE.GET.OBJECT,index.html,GET /?an=Rodeo&av=0.3.4&cid=FOO&ec=application&ea=editor&el= HTTP/1.1,200,-,1,1,60,59,-,-,['FOO'],['application'],['editor'],['Rodeo'],['0.3.4'],
cf77fe33107978c68ebf91e44d101ec99ec75c3cba670ebe4115141ca552f93d,rodeo-analytics.yhathq.com,18/Sep/2015:17:53:40 +0000,24.193.78.37,-,47F99734A27283FB,WEBSITE.GET.OBJECT,index.html,GET /?an=Rodeo&av=0.3.4&cid=FOO&ec=command&ea=python&el= HTTP/1.1,200,-,1,1,39,38,-,-,['FOO'],['command'],['python'],['Rodeo'],['0.3.4'],
cf77fe33107978c68ebf91e44d101ec99ec75c3cba670ebe4115141ca552f93d,rodeo-analytics.yhathq.com,18/Sep/2015:17:52:50 +0000,24.193.78.37,-,2B04F385D92A44C5,WEBSITE.GET.OBJECT,index.html,GET /?an=Rodeo&av=0.3.4&cid=FOO&ec=command&ea=python&el= HTTP/1.1,200,-,1,1,31,30,-,-,['FOO'],['command'],['python'],['Rodeo'],['0.3.4'],
cf77fe33107978c68ebf91e44d101ec99ec75c3cba670ebe4115141ca552f93d,rodeo-analytics.yhathq.com,18/Sep/2015:17:59:22 +0000,24.193.78.37,-,F9DE592C03071C03,WEBSITE.GET.OBJECT,index.html,GET /?an=Rodeo&av=0.3.4&cid=FOO&ec=application&ea=editor&el= HTTP/1.1,200,-,1,1,28,27,-,-,['FOO'],['application'],['editor'],['Rodeo'],['0.3.4'],
cf77fe33107978c68ebf91e44d101ec99ec75c3cba670ebe4115141ca552f93d,rodeo-analytics.yhathq.com,18/Sep/2015:17:53:57 +0000,24.193.78.37,-,FB4DF26E1BDF8452,WEBSITE.GET.OBJECT,index.html,GET /?an=Rodeo&av=0.3.4&cid=FOO&ec=shortcut&ea=Reload&el= HTTP/1.1,200,-,1,1,29,28,-,-,['FOO'],['shortcut'],['Reload'],['Rodeo'],['0.3.4'],
cf77fe33107978c68ebf91e44d101ec99ec75c3cba670ebe4115141ca552f93d,rodeo-analytics.yhathq.com,18/Sep/2015:17:56:08 +0000,24.193.78.37,-,198F0A8A0F61EFDC,WEBSITE.GET.OBJECT,index.html,GET /?an=Rodeo&av=0.3.4&cid=FOO&ec=application&ea=open&el= HTTP/1.1,200,-,1,1,32,31,-,-,['FOO'],['application'],['open'],['Rodeo'],['0.3.4'],
cf77fe33107978c68ebf91e44d101ec99ec75c3cba670ebe4115141ca552f93d,rodeo-analytics.yhathq.com,18/Sep/2015:17:56:09 +0000,24.193.78.37,-,B90604458EE17D97,WEBSITE.GET.OBJECT,index.html,GET /?an=Rodeo&av=0.3.4&cid=FOO&ec=application&ea=editor&el= HTTP/1.1,200,-,1,1,51,51,-,-,['FOO'],['application'],['editor'],['Rodeo'],['0.3.4'],
cf77fe33107978c68ebf91e44d101ec99ec75c3cba670ebe4115141ca552f93d,rodeo-analytics.yhathq.com,18/Sep/2015:17:56:12 +0000,24.193.78.37,-,8E70C6E53AB9EAB4,WEBSITE.GET.OBJECT,index.html,GET /?an=Rodeo&av=0.3.4&cid=FOO&ec=command&ea=python&el= HTTP/1.1,200,-,1,1,33,32,-,-,['FOO'],['command'],['python'],['Rodeo'],['0.3.4'],
cf77fe33107978c68ebf91e44d101ec99ec75c3cba670ebe4115141ca552f93d,rodeo-analytics.yhathq.com,18/Sep/2015:17:54:15 +0000,24.193.78.37,-,590E839BA172D9AC,WEBSITE.GET.OBJECT,index.html,GET /?an=Rodeo&av=0.3.4&cid=FOO&ec=shortcut&ea=Reload&el= HTTP/1.1,200,-,1,1,29,28,-,-,['FOO'],['shortcut'],['Reload'],['Rodeo'],['0.3.4'],
cf77fe33107978c68ebf91e44d101ec99ec75c3cba670ebe4115141ca552f93d,rodeo-analytics.yhathq.com,18/Sep/2015:17:59:21 +0000,24.193.78.37,-,E26F04A36897CCA5,WEBSITE.GET.OBJECT,index.html,GET /?an=Rodeo&av=0.3.4&cid=FOO&ec=shortcut&ea=Reload&el= HTTP/1.1,200,-,1,1,32,31,-,-,['FOO'],['shortcut'],['Reload'],['Rodeo'],['0.3.4'],
cf77fe33107978c68ebf91e44d101ec99ec75c3cba670ebe4115141ca552f93d,rodeo-analytics.yhathq.com,18/Sep/2015:17:29:58 +0000,24.193.78.37,-,6B5E7863569B318D,WEBSITE.GET.OBJECT,index.html,GET /?an=Rodeo&av=0.3.4&cid=FOO&ec=application&ea=editor&el= HTTP/1.1,200,-,1,1,26,25,-,-,['FOO'],['application'],['editor'],['Rodeo'],['0.3.4'],
cf77fe33107978c68ebf91e44d101ec99ec75c3cba670ebe4115141ca552f93d,rodeo-analytics.yhathq.com,18/Sep/2015:17:54:36 +0000,24.193.78.37,-,185D5B8578F86E9C,WEBSITE.GET.OBJECT,index.html,GET /?an=Rodeo&av=0.3.4&cid=FOO&ec=command&ea=error&el= HTTP/1.1,200,-,1,1,105,104,-,-,['FOO'],['command'],['error'],['Rodeo'],['0.3.4'],
cf77fe33107978c68ebf91e44d101ec99ec75c3cba670ebe4115141ca552f93d,rodeo-analytics.yhathq.com,18/Sep/2015:17:46:19 +0000,24.193.78.37,-,BF1DE4F2529D7490,WEBSITE.GET.OBJECT,index.html,GET /?an=Rodeo&av=0.3.4&cid=FOO&ec=application&ea=open&el= HTTP/1.1,200,-,1,1,32,32,-,-,['FOO'],['application'],['open'],['Rodeo'],['0.3.4'],
cf77fe33107978c68ebf91e44d101ec99ec75c3cba670ebe4115141ca552f93d,rodeo-analytics.yhathq.com,18/Sep/2015:17:55:02 +0000,24.193.78.37,-,DF18A3FB66F141A7,WEBSITE.GET.OBJECT,index.html,GET /?an=Rodeo&av=0.3.4&cid=FOO&ec=command&ea=python&el= HTTP/1.1,200,-,1,1,32,32,-,-,['FOO'],['command'],['python'],['Rodeo'],['0.3.4'],
cf77fe33107978c68ebf91e44d101ec99ec75c3cba670ebe4115141ca552f93d,rodeo-analytics.yhathq.com,18/Sep/2015:17:46:55 +0000,24.193.78.37,-,B8E4A19560CB2472,WEBSITE.GET.OBJECT,index.html,GET /?an=Rodeo&av=0.3.4&cid=FOO&ec=application&ea=open&el= HTTP/1.1,200,-,1,1,48,47,-,-,['FOO'],['application'],['open'],['Rodeo'],['0.3.4'],
cf77fe33107978c68ebf91e44d101ec99ec75c3cba670ebe4115141ca552f93d,rodeo-analytics.yhathq.com,18/Sep/2015:17:54:57 +0000,24.193.78.37,-,C2D273AD359716C3,WEBSITE.GET.OBJECT,index.html,GET /?an=Rodeo&av=0.3.4&cid=FOO&ec=application&ea=editor&el= HTTP/1.1,200,-,1,1,252,43,-,-,['FOO'],['application'],['editor'],['Rodeo'],['0.3.4'],
cf77fe33107978c68ebf91e44d101ec99ec75c3cba670ebe4115141ca552f93d,rodeo-analytics.yhathq.com,18/Sep/2015:17:54:34 +0000,24.193.78.37,-,AD9E8A29356A10BA,WEBSITE.GET.OBJECT,index.html,GET /?an=Rodeo&av=0.3.4&cid=FOO&ec=command&ea=python&el= HTTP/1.1,200,-,1,1,61,61,-,-,['FOO'],['command'],['python'],['Rodeo'],['0.3.4'],
cf77fe33107978c68ebf91e44d101ec99ec75c3cba670ebe4115141ca552f93d,rodeo-analytics.yhathq.com,18/Sep/2015:17:55:54 +0000,24.193.78.37,-,A208B2997552702D,WEBSITE.GET.OBJECT,index.html,GET /?an=Rodeo&av=0.3.4&cid=FOO&ec=command&ea=python&el= HTTP/1.1,200,-,1,1,63,63,-,-,['FOO'],['command'],['python'],['Rodeo'],['0.3.4'],
cf77fe33107978c68ebf91e44d101ec99ec75c3cba670ebe4115141ca552f93d,rodeo-analytics.yhathq.com,18/Sep/2015:17:55:02 +0000,24.193.78.37,-,6392E74E3E7763DF,WEBSITE.GET.OBJECT,index.html,GET /?an=Rodeo&av=0.3.4&cid=FOO&ec=command&ea=python&el= HTTP/1.1,200,-,1,1,25,24,-,-,['FOO'],['command'],['python'],['Rodeo'],['0.3.4'],
cf77fe33107978c68ebf91e44d101ec99ec75c3cba670ebe4115141ca552f93d,rodeo-analytics.yhathq.com,18/Sep/2015:17:54:16 +0000,24.193.78.37,-,EADAC65F4D1A2995,WEBSITE.GET.OBJECT,index.html,GET /?an=Rodeo&av=0.3.4&cid=FOO&ec=command&ea=python&el= HTTP/1.1,200,-,1,1,30,28,-,-,['FOO'],['command'],['python'],['Rodeo'],['0.3.4'],
cf77fe33107978c68ebf91e44d101ec99ec75c3cba670ebe4115141ca552f93d,rodeo-analytics.yhathq.com,18/Sep/2015:17:54:16 +0000,24.193.78.37,-,377C9D1FC6A73F9E,WEBSITE.GET.OBJECT,index.html,GET /?an=Rodeo&av=0.3.4&cid=FOO&ec=application&ea=editor&el= HTTP/1.1,200,-,1,1,31,30,-,-,['FOO'],['application'],['editor'],['Rodeo'],['0.3.4'],
cf77fe33107978c68ebf91e44d101ec99ec75c3cba670ebe4115141ca552f93d,rodeo-analytics.yhathq.com,18/Sep/2015:17:54:22 +0000,24.193.78.37,-,85D3AEBFEF8DA63B,WEBSITE.GET.OBJECT,index.html,GET /?an=Rodeo&av=0.3.4&cid=FOO&ec=command&ea=python&el= HTTP/1.1,200,-,1,1,9,8,-,-,['FOO'],['command'],['python'],['Rodeo'],['0.3.4'],
cf77fe33107978c68ebf91e44d101ec99ec75c3cba670ebe4115141ca552f93d,rodeo-analytics.yhathq.com,18/Sep/2015:17:46:55 +0000,24.193.78.37,-,FE2A283A9DE0B7A2,WEBSITE.GET.OBJECT,index.html,GET /?an=Rodeo&av=0.3.4&cid=FOO&ec=application&ea=editor&el= HTTP/1.1,200,-,1,1,61,61,-,-,['FOO'],['application'],['editor'],['Rodeo'],['0.3.4'],
cf77fe33107978c68ebf91e44d101ec99ec75c3cba670ebe4115141ca552f93d,rodeo-analytics.yhathq.com,18/Sep/2015:17:54:56 +0000,24.193.78.37,-,B9EA2679DBB12293,WEBSITE.GET.OBJECT,index.html,GET /?an=Rodeo&av=0.3.4&cid=FOO&ec=application&ea=open&el= HTTP/1.1,200,-,1,1,29,29,-,-,['FOO'],['application'],['open'],['Rodeo'],['0.3.4'],
cf77fe33107978c68ebf91e44d101ec99ec75c3cba670ebe4115141ca552f93d,rodeo-analytics.yhathq.com,18/Sep/2015:17:52:54 +0000,24.193.78.37,-,E41A0F64448C0662,WEBSITE.GET.OBJECT,index.html,GET /?an=Rodeo&av=0.3.4&cid=FOO&ec=command&ea=python&el= HTTP/1.1,200,-,1,1,62,61,-,-,['FOO'],['command'],['python'],['Rodeo'],['0.3.4'],
cf77fe33107978c68ebf91e44d101ec99ec75c3cba670ebe4115141ca552f93d,rodeo-analytics.yhathq.com,18/Sep/2015:17:52:50 +0000,24.193.78.37,-,505EC26BF8EEC869,WEBSITE.GET.OBJECT,index.html,GET /?an=Rodeo&av=0.3.4&cid=FOO&ec=application&ea=open&el= HTTP/1.1,200,-,1,1,14,14,-,-,['FOO'],['application'],['open'],['Rodeo'],['0.3.4'],
cf77fe33107978c68ebf91e44d101ec99ec75c3cba670ebe4115141ca552f93d,rodeo-analytics.yhathq.com,18/Sep/2015:17:52:50 +0000,24.193.78.37,-,A31A62D133325004,WEBSITE.GET.OBJECT,index.html,GET /?an=Rodeo&av=0.3.4&cid=FOO&ec=shortcut&ea=Reload&el= HTTP/1.1,200,-,1,1,27,26,-,-,['FOO'],['shortcut'],['Reload'],['Rodeo'],['0.3.4'],
cf77fe33107978c68ebf91e44d101ec99ec75c3cba670ebe4115141ca552f93d,rodeo-analytics.yhathq.com,18/Sep/2015:17:52:51 +0000,24.193.78.37,-,F0958C2FA5E6B0FE,WEBSITE.GET.OBJECT,index.html,GET /?an=Rodeo&av=0.3.4&cid=FOO&ec=application&ea=editor&el= HTTP/1.1,200,-,1,1,33,32,-,-,['FOO'],['application'],['editor'],['Rodeo'],['0.3.4'],
cf77fe33107978c68ebf91e44d101ec99ec75c3cba670ebe4115141ca552f93d,rodeo-analytics.yhathq.com,18/Sep/2015:17:59:22 +0000,24.193.78.37,-,73021FAA31CDC687,WEBSITE.GET.OBJECT,index.html,GET /?an=Rodeo&av=0.3.4&cid=FOO&ec=command&ea=python&el= HTTP/1.1,200,-,1,1,23,23,-,-,['FOO'],['command'],['python'],['Rodeo'],['0.3.4'],
cf77fe33107978c68ebf91e44d101ec99ec75c3cba670ebe4115141ca552f93d,rodeo-analytics.yhathq.com,18/Sep/2015:17:46:19 +0000,24.193.78.37,-,B06CAC27307C18C7,WEBSITE.GET.OBJECT,index.html,GET /?an=Rodeo&av=0.3.4&cid=FOO&ec=command&ea=python&el= HTTP/1.1,200,-,1,1,34,33,-,-,['FOO'],['command'],['python'],['Rodeo'],['0.3.4'],
cf77fe33107978c68ebf91e44d101ec99ec75c3cba670ebe4115141ca552f93d,rodeo-analytics.yhathq.com,18/Sep/2015:17:55:52 +0000,24.193.78.37,-,2EC3DEEBBC3DCE48,WEBSITE.GET.OBJECT,index.html,GET /?an=Rodeo&av=0.3.4&cid=FOO&ec=command&ea=python&el= HTTP/1.1,200,-,1,1,23,23,-,-,['FOO'],['command'],['python'],['Rodeo'],['0.3.4'],
cf77fe33107978c68ebf91e44d101ec99ec75c3cba670ebe4115141ca552f93d,rodeo-analytics.yhathq.com,18/Sep/2015:17:46:24 +0000,24.193.78.37,-,06E7B2FFCEB35055,WEBSITE.GET.OBJECT,index.html,GET /?an=Rodeo&av=0.3.4&cid=FOO&ec=command&ea=python&el= HTTP/1.1,200,-,1,1,29,28,-,-,['FOO'],['command'],['python'],['Rodeo'],['0.3.4'],
cf77fe33107978c68ebf91e44d101ec99ec75c3cba670ebe4115141ca552f93d,rodeo-analytics.yhathq.com,18/Sep/2015:17:46:24 +0000,24.193.78.37,-,4676C638F02344D6,WEBSITE.GET.OBJECT,index.html,GET /?an=Rodeo&av=0.3.4&cid=FOO&ec=application&ea=editor&el= HTTP/1.1,200,-,1,1,71,70,-,-,['FOO'],['application'],['editor'],['Rodeo'],['0.3.4'],
cf77fe33107978c68ebf91e44d101ec99ec75c3cba670ebe4115141ca552f93d,rodeo-analytics.yhathq.com,18/Sep/2015:17:54:15 +0000,24.193.78.37,-,66760BEB3C9F079A,WEBSITE.GET.OBJECT,index.html,GET /?an=Rodeo&av=0.3.4&cid=FOO&ec=application&ea=open&el= HTTP/1.1,200,-,1,1,43,42,-,-,['FOO'],['application'],['open'],['Rodeo'],['0.3.4'],
cf77fe33107978c68ebf91e44d101ec99ec75c3cba670ebe4115141ca552f93d,rodeo-analytics.yhathq.com,18/Sep/2015:17:46:55 +0000,24.193.78.37,-,35C26FAE3C701AF5,WEBSITE.GET.OBJECT,index.html,GET /?an=Rodeo&av=0.3.4&cid=FOO&ec=command&ea=python&el= HTTP/1.1,200,-,1,1,56,56,-,-,['FOO'],['command'],['python'],['Rodeo'],['0.3.4'],
cf77fe33107978c68ebf91e44d101ec99ec75c3cba670ebe4115141ca552f93d,rodeo-analytics.yhathq.com,18/Sep/2015:17:54:56 +0000,24.193.78.37,-,2D9D9B33E28B54A4,WEBSITE.GET.OBJECT,index.html,GET /?an=Rodeo&av=0.3.4&cid=FOO&ec=command&ea=python&el= HTTP/1.1,200,-,1,1,32,31,-,-,['FOO'],['command'],['python'],['Rodeo'],['0.3.4'],
cf77fe33107978c68ebf91e44d101ec99ec75c3cba670ebe4115141ca552f93d,rodeo-analytics.yhathq.com,18/Sep/2015:17:54:56 +0000,24.193.78.37,-,4C0B09EF86564CC4,WEBSITE.GET.OBJECT,index.html,GET /?an=Rodeo&av=0.3.4&cid=FOO&ec=shortcut&ea=Reload&el= HTTP/1.1,200,-,1,1,42,42,-,-,['FOO'],['shortcut'],['Reload'],['Rodeo'],['0.3.4'],
cf77fe33107978c68ebf91e44d101ec99ec75c3cba670ebe4115141ca552f93d,rodeo-analytics.yhathq.com,18/Sep/2015:17:54:59 +0000,24.193.78.37,-,5E0BA37BAAEDD099,WEBSITE.GET.OBJECT,index.html,GET /?an=Rodeo&av=0.3.4&cid=FOO&ec=command&ea=python&el= HTTP/1.1,200,-,1,1,48,47,-,-,['FOO'],['command'],['python'],['Rodeo'],['0.3.4'],
cf77fe33107978c68ebf91e44d101ec99ec75c3cba670ebe4115141ca552f93d,rodeo-analytics.yhathq.com,18/Sep/2015:17:59:47 +0000,24.193.78.37,-,6398C8778B1AA878,WEBSITE.GET.OBJECT,index.html,GET /?an=Rodeo&av=0.3.4&cid=FOO&ec=command&ea=python&el= HTTP/1.1,200,-,1,1,46,46,-,-,['FOO'],['command'],['python'],['Rodeo'],['0.3.4'],
cf77fe33107978c68ebf91e44d101ec99ec75c3cba670ebe4115141ca552f93d,rodeo-analytics.yhathq.com,18/Sep/2015:17:59:50 +0000,24.193.78.37,-,F4363DB026FB1A56,WEBSITE.GET.OBJECT,index.html,GET /?an=Rodeo&av=0.3.4&cid=FOO&ec=command&ea=python&el= HTTP/1.1,200,-,1,1,9,8,-,-,['FOO'],['command'],['python'],['Rodeo'],['0.3.4'],
cf77fe33107978c68ebf91e44d101ec99ec75c3cba670ebe4115141ca552f93d,rodeo-analytics.yhathq.com,18/Sep/2015:17:31:00 +0000,24.193.78.37,-,BFEF457ABD1568F3,WEBSITE.GET.OBJECT,index.html,GET /?an=Rodeo&av=0.3.4&cid=FOO&ec=application&ea=editor&el= HTTP/1.1,200,-,1,1,40,39,-,-,['FOO'],['application'],['editor'],['Rodeo'],['0.3.4'],
cf77fe33107978c68ebf91e44d101ec99ec75c3cba670ebe4115141ca552f93d,rodeo-analytics.yhathq.com,18/Sep/2015:17:54:36 +0000,24.193.78.37,-,143C21927EC446FC,WEBSITE.GET.OBJECT,index.html,GET /?an=Rodeo&av=0.3.4&cid=FOO&ec=command&ea=python&el= HTTP/1.1,200,-,1,1,158,158,-,-,['FOO'],['command'],['python'],['Rodeo'],['0.3.4'],
cf77fe33107978c68ebf91e44d101ec99ec75c3cba670ebe4115141ca552f93d,rodeo-analytics.yhathq.com,18/Sep/2015:17:54:35 +0000,24.193.78.37,-,245B3B51BE0AD59D,WEBSITE.GET.OBJECT,index.html,GET /?an=Rodeo&av=0.3.4&cid=FOO&ec=command&ea=python&el= HTTP/1.1,200,-,1,1,22,21,-,-,['FOO'],['command'],['python'],['Rodeo'],['0.3.4'],
cf77fe33107978c68ebf91e44d101ec99ec75c3cba670ebe4115141ca552f93d,rodeo-analytics.yhathq.com,18/Sep/2015:17:55:51 +0000,24.193.78.37,-,DDC0A0F379BF04BF,WEBSITE.GET.OBJECT,index.html,GET /?an=Rodeo&av=0.3.4&cid=FOO&ec=shortcut&ea=Reload&el= HTTP/1.1,200,-,1,1,39,38,-,-,['FOO'],['shortcut'],['Reload'],['Rodeo'],['0.3.4'],
cf77fe33107978c68ebf91e44d101ec99ec75c3cba670ebe4115141ca552f93d,rodeo-analytics.yhathq.com,18/Sep/2015:17:55:52 +0000,24.193.78.37,-,D6F725A85E2D038E,WEBSITE.GET.OBJECT,index.html,GET /?an=Rodeo&av=0.3.4&cid=FOO&ec=application&ea=editor&el= HTTP/1.1,200,-,1,1,91,91,-,-,['FOO'],['application'],['editor'],['Rodeo'],['0.3.4'],
cf77fe33107978c68ebf91e44d101ec99ec75c3cba670ebe4115141ca552f93d,rodeo-analytics.yhathq.com,18/Sep/2015:17:46:19 +0000,24.193.78.37,-,55D035247B896453,WEBSITE.GET.OBJECT,index.html,GET /?an=Rodeo&av=0.3.4&cid=FOO&ec=application&ea=editor&el= HTTP/1.1,200,-,1,1,120,118,-,-,['FOO'],['application'],['editor'],['Rodeo'],['0.3.4'],
cf77fe33107978c68ebf91e44d101ec99ec75c3cba670ebe4115141ca552f93d,rodeo-analytics.yhathq.com,18/Sep/2015:17:46:23 +0000,24.193.78.37,-,41BF12B39541FE85,WEBSITE.GET.OBJECT,index.html,GET /?an=Rodeo&av=0.3.4&cid=FOO&ec=application&ea=open&el= HTTP/1.1,200,-,1,1,34,34,-,-,['FOO'],['application'],['open'],['Rodeo'],['0.3.4'],
cf77fe33107978c68ebf91e44d101ec99ec75c3cba670ebe4115141ca552f93d,rodeo-analytics.yhathq.com,18/Sep/2015:17:59:22 +0000,24.193.78.37,-,0481371F9D77E319,WEBSITE.GET.OBJECT,index.html,GET /?an=Rodeo&av=0.3.4&cid=FOO&ec=application&ea=open&el= HTTP/1.1,200,-,1,1,30,29,-,-,['FOO'],['application'],['open'],['Rodeo'],['0.3.4'],
cf77fe33107978c68ebf91e44d101ec99ec75c3cba670ebe4115141ca552f93d,rodeo-analytics.yhathq.com,18/Sep/2015:17:54:18 +0000,24.193.78.37,-,9915BE74D8BB9D0A,WEBSITE.GET.OBJECT,index.html,GET /?an=Rodeo&av=0.3.4&cid=FOO&ec=command&ea=python&el= HTTP/1.1,200,-,1,1,45,44,-,-,['FOO'],['command'],['python'],['Rodeo'],['0.3.4'],
cf77fe33107978c68ebf91e44d101ec99ec75c3cba670ebe4115141ca552f93d,rodeo-analytics.yhathq.com,18/Sep/2015:17:29:12 +0000,24.193.78.37,-,D9CF9BD313B98A47,WEBSITE.GET.OBJECT,index.html,GET /?an=Rodeo&av=0.3.4&cid=FOO&ec=shortcut&ea=Close%20File&el= HTTP/1.1,200,-,1,1,67,66,-,-,['FOO'],['shortcut'],['Close File'],['Rodeo'],['0.3.4'],
cf77fe33107978c68ebf91e44d101ec99ec75c3cba670ebe4115141ca552f93d,rodeo-analytics.yhathq.com,18/Sep/2015:17:52:00 +0000,24.193.78.37,-,0FF3C873F7A17A61,WEBSITE.GET.OBJECT,index.html,GET /?an=Rodeo&av=0.3.4&cid=FOO&ec=application&ea=open&el= HTTP/1.1,200,-,1,1,31,30,-,-,['FOO'],['application'],['open'],['Rodeo'],['0.3.4'],
cf77fe33107978c68ebf91e44d101ec99ec75c3cba670ebe4115141ca552f93d,rodeo-analytics.yhathq.com,18/Sep/2015:17:52:00 +0000,24.193.78.37,-,38CF8CA556415DE5,WEBSITE.GET.OBJECT,index.html,GET /?an=Rodeo&av=0.3.4&cid=FOO&ec=application&ea=editor&el= HTTP/1.1,200,-,1,1,12,11,-,-,['FOO'],['application'],['editor'],['Rodeo'],['0.3.4'],
cf77fe33107978c68ebf91e44d101ec99ec75c3cba670ebe4115141ca552f93d,rodeo-analytics.yhathq.com,18/Sep/2015:17:55:52 +0000,24.193.78.37,-,B36936565E5FF462,WEBSITE.GET.OBJECT,index.html,GET /?an=Rodeo&av=0.3.4&cid=FOO&ec=application&ea=open&el= HTTP/1.1,200,-,1,1,23,23,-,-,['FOO'],['application'],['open'],['Rodeo'],['0.3.4'],
cf77fe33107978c68ebf91e44d101ec99ec75c3cba670ebe4115141ca552f93d,rodeo-analytics.yhathq.com,18/Sep/2015:17:55:55 +0000,24.193.78.37,-,09ECD370E62A100E,WEBSITE.GET.OBJECT,index.html,GET /?an=Rodeo&av=0.3.4&cid=FOO&ec=command&ea=python&el= HTTP/1.1,200,-,1,1,11,11,-,-,['FOO'],['command'],['python'],['Rodeo'],['0.3.4'],
cf77fe33107978c68ebf91e44d101ec99ec75c3cba670ebe4115141ca552f93d,rodeo-analytics.yhathq.com,18/Sep/2015:17:39:33 +0000,24.193.78.37,-,E22762E11940B520,WEBSITE.GET.OBJECT,index.html,GET /?an=Rodeo&av=0.3.4&cid=FOO&ec=shortcut&ea=Close%20File&el= HTTP/1.1,200,-,1,1,187,183,-,-,['FOO'],['shortcut'],['Close File'],['Rodeo'],['0.3.4'],
cf77fe33107978c68ebf91e44d101ec99ec75c3cba670ebe4115141ca552f93d,rodeo-analytics.yhathq.com,18/Sep/2015:17:30:58 +0000,24.193.78.37,-,575FA97781597C54,WEBSITE.GET.OBJECT,index.html,GET /?an=Rodeo&av=0.3.4&cid=FOO&ec=shortcut&ea=Close%20File&el= HTTP/1.1,200,-,1,1,39,38,-,-,['FOO'],['shortcut'],['Close File'],['Rodeo'],['0.3.4'],
cf77fe33107978c68ebf91e44d101ec99ec75c3cba670ebe4115141ca552f93d,rodeo-analytics.yhathq.com,18/Sep/2015:17:45:10 +0000,24.193.78.37,-,9A701CC954509918,WEBSITE.GET.OBJECT,index.html,GET /?an=Rodeo&av=0.3.4&cid=FOO&ec=application&ea=editor&el= HTTP/1.1,200,-,1,1,33,32,-,-,['FOO'],['application'],['editor'],['Rodeo'],['0.3.4'],
cf77fe33107978c68ebf91e44d101ec99ec75c3cba670ebe4115141ca552f93d,rodeo-analytics.yhathq.com,18/Sep/2015:17:45:10 +0000,24.193.78.37,-,D4F3E6A4C74F5DBB,WEBSITE.GET.OBJECT,index.html,GET /?an=Rodeo&av=0.3.4&cid=FOO&ec=application&ea=open&el= HTTP/1.1,200,-,1,1,26,26,-,-,['FOO'],['application'],['open'],['Rodeo'],['0.3.4'],
cf77fe33107978c68ebf91e44d101ec99ec75c3cba670ebe4115141ca552f93d,rodeo-analytics.yhathq.com,18/Sep/2015:17:52:00 +0000,24.193.78.37,-,0A82EFC08D230E36,WEBSITE.GET.OBJECT,index.html,GET /?an=Rodeo&av=0.3.4&cid=FOO&ec=command&ea=python&el= HTTP/1.1,200,-,1,1,28,28,-,-,['FOO'],['command'],['python'],['Rodeo'],['0.3.4'],
cf77fe33107978c68ebf91e44d101ec99ec75c3cba670ebe4115141ca552f93d,rodeo-analytics.yhathq.com,18/Sep/2015:17:39:12 +0000,24.193.78.37,-,992000E9D9FA08A8,WEBSITE.GET.OBJECT,index.html,GET /?an=Rodeo&av=0.3.4&cid=FOO&ec=shortcut&ea=Reload&el= HTTP/1.1,200,-,1,1,25,24,-,-,['FOO'],['shortcut'],['Reload'],['Rodeo'],['0.3.4'],
cf77fe33107978c68ebf91e44d101ec99ec75c3cba670ebe4115141ca552f93d,rodeo-analytics.yhathq.com,18/Sep/2015:17:45:10 +0000,24.193.78.37,-,14E67C61B603CD20,WEBSITE.GET.OBJECT,index.html,GET /?an=Rodeo&av=0.3.4&cid=FOO&ec=command&ea=python&el= HTTP/1.1,200,-,1,1,24,23,-,-,['FOO'],['command'],['python'],['Rodeo'],['0.3.4'],
cf77fe33107978c68ebf91e44d101ec99ec75c3cba670ebe4115141ca552f93d,rodeo-analytics.yhathq.com,18/Sep/2015:17:47:27 +0000,24.193.78.37,-,A12344B9965F1720,WEBSITE.GET.OBJECT,index.html,GET /?an=Rodeo&av=0.3.4&cid=FOO&ec=application&ea=open&el= HTTP/1.1,200,-,1,1,77,76,-,-,['FOO'],['application'],['open'],['Rodeo'],['0.3.4'],
cf77fe33107978c68ebf91e44d101ec99ec75c3cba670ebe4115141ca552f93d,rodeo-analytics.yhathq.com,18/Sep/2015:17:52:29 +0000,24.193.78.37,-,E999137315C261B2,WEBSITE.GET.OBJECT,index.html,GET /?an=Rodeo&av=0.3.4&cid=FOO&ec=application&ea=editor&el= HTTP/1.1,200,-,1,1,29,28,-,-,['FOO'],['application'],['editor'],['Rodeo'],['0.3.4'],
cf77fe33107978c68ebf91e44d101ec99ec75c3cba670ebe4115141ca552f93d,rodeo-analytics.yhathq.com,18/Sep/2015:17:47:27 +0000,24.193.78.37,-,A1636C479039D09A,WEBSITE.GET.OBJECT,index.html,GET /?an=Rodeo&av=0.3.4&cid=FOO&ec=application&ea=editor&el= HTTP/1.1,200,-,1,1,26,25,-,-,['FOO'],['application'],['editor'],['Rodeo'],['0.3.4'],
cf77fe33107978c68ebf91e44d101ec99ec75c3cba670ebe4115141ca552f93d,rodeo-analytics.yhathq.com,18/Sep/2015:17:52:32 +0000,24.193.78.37,-,C967426FFEAC611C,WEBSITE.GET.OBJECT,index.html,GET /?an=Rodeo&av=0.3.4&cid=FOO&ec=command&ea=python&el= HTTP/1.1,200,-,1,1,59,58,-,-,['FOO'],['command'],['python'],['Rodeo'],['0.3.4'],
cf77fe33107978c68ebf91e44d101ec99ec75c3cba670ebe4115141ca552f93d,rodeo-analytics.yhathq.com,18/Sep/2015:17:52:29 +0000,24.193.78.37,-,92953F6F9D84D42F,WEBSITE.GET.OBJECT,index.html,GET /?an=Rodeo&av=0.3.4&cid=FOO&ec=command&ea=python&el= HTTP/1.1,200,-,1,1,34,33,-,-,['FOO'],['command'],['python'],['Rodeo'],['0.3.4'],
cf77fe33107978c68ebf91e44d101ec99ec75c3cba670ebe4115141ca552f93d,rodeo-analytics.yhathq.com,18/Sep/2015:17:47:27 +0000,24.193.78.37,-,5D8375E09C6265AB,WEBSITE.GET.OBJECT,index.html,GET /?an=Rodeo&av=0.3.4&cid=FOO&ec=command&ea=python&el= HTTP/1.1,200,-,1,1,89,89,-,-,['FOO'],['command'],['python'],['Rodeo'],['0.3.4'],
cf77fe33107978c68ebf91e44d101ec99ec75c3cba670ebe4115141ca552f93d,rodeo-analytics.yhathq.com,18/Sep/2015:17:52:31 +0000,24.193.78.37,-,B1A5482949A14402,WEBSITE.GET.OBJECT,index.html,GET /?an=Rodeo&av=0.3.4&cid=FOO&ec=command&ea=python&el= HTTP/1.1,200,-,1,1,34,33,-,-,['FOO'],['command'],['python'],['Rodeo'],['0.3.4'],
cf77fe33107978c68ebf91e44d101ec99ec75c3cba670ebe4115141ca552f93d,rodeo-analytics.yhathq.com,18/Sep/2015:17:52:29 +0000,24.193.78.37,-,00542C81D5E4D200,WEBSITE.GET.OBJECT,index.html,GET /?an=Rodeo&av=0.3.4&cid=FOO&ec=application&ea=open&el= HTTP/1.1,200,-,1,1,26,26,-,-,['FOO'],['application'],['open'],['Rodeo'],['0.3.4'],
cf77fe33107978c68ebf91e44d101ec99ec75c3cba670ebe4115141ca552f93d,rodeo-analytics.yhathq.com,18/Sep/2015:17:52:38 +0000,24.193.78.37,-,F88D1B43B60A241D,WEBSITE.GET.OBJECT,index.html,GET /?an=Rodeo&av=0.3.4&cid=FOO&ec=command&ea=python&el= HTTP/1.1,200,-,1,1,47,46,-,-,['FOO'],['command'],['python'],['Rodeo'],['0.3.4'],
cf77fe33107978c68ebf91e44d101ec99ec75c3cba670ebe4115141ca552f93d,rodeo-analytics.yhathq.com,18/Sep/2015:17:39:13 +0000,24.193.78.37,-,FF3A19D9574539EA,WEBSITE.GET.OBJECT,index.html,GET /?an=Rodeo&av=0.3.4&cid=FOO&ec=application&ea=open&el= HTTP/1.1,200,-,1,1,66,65,-,-,['FOO'],['application'],['open'],['Rodeo'],['0.3.4'],
